{
  "registration": [
    {
      "id": 1,
      "name": "jjjj",
      "password": "jjjj"
    },
    {
      "name": "gjbjjhj",
      "password": "mbkjnkjn",
      "id": 2
    },
    {
      "name": "dilshad",
      "password": "123",
      "id": 3
    },
    {
      "name": "ashwin",
      "password": "123",
      "id": 4
    },
    {
      "name": "chaamin",
      "password": "12345",
      "id": 5
    },
    {
      "name": "prince",
      "password": "prince",
      "id": 7
    },
    {
      "name": "qwer",
      "password": "qwer",
      "id": 6
    },
    {
      "name": "abu",
      "password": "abu",
      "id": 8
    },
    {
      "name": "akshara",
      "password": "akshara",
      "id": 9
    },
    {
      "name": "",
      "password": "prince",
      "id": 10
    },
    {
      "name": "",
      "password": "prince",
      "id": 11
    },
    {
      "name": "asish",
      "password": "123",
      "id": 12
    },
    {
      "name": "varsha",
      "password": "123",
      "id": 13
    },
    {
      "name": "silpa",
      "password": "123",
      "id": 14
    },
    {
      "name": "prince",
      "password": "prince",
      "id": 15
    },
    {
      "name": "prince",
      "password": "prince",
      "id": 16
    }
  ],
  "products": [
    {
      "id": 1,
      "name": "dumbel Home Gym Black",
      "image": "https://contents.mediadecathlon.com/p188429/k$65603f96431052a47fe56fe72fdf86d1/hex-dumbbell-5-kg.jpg?format=auto&quality=70&f=300x0",
      "price": 2999,
      "description": "With the latest aesthetic and entertainment upgrades, all of the Integrity Series cardio products now offer an even more compelling user experience. New iPod compatibility and integrated iPod/TV controls keep exercisers motivated and entertained throughout their workout.The groundbreaking DX3 Belt and Deck System combines a lubricant-infused belt, Advanced Belt Tracking System (ABTS) and the patented FlexDeck Shock Absorbtion System for the ultimate in durability and comfort."
    },
    {
      "id": 2,
      "name": "bar Home Gym Black",
      "image": "https://contents.mediadecathlon.com/p1966879/0e69fce9756f43dda1ca4bdad38b9df0/p1966879.jpg?format=auto&quality=70&f=300x0",
      "price": 3777,
      "description": "This compact home gym was developed by our weight training coaches and product team for your guided weight workouts at home."
    },
    {
      "id": 3,
      "name": "Weight Training Compact ",
      "image": " https://contents.mediadecathlon.com/p2362926/f1fb9ef05592c0b8ddd3ca3dfc836e2b/p2362926.jpg?format=auto&quality=70&f=650x0",
      "price": 359,
      "description": "This compact home gym was developed by our weight training coaches and product team for your guided weight workouts at home."
    },
    {
      "id": 4,
      "name": "Weight Training Compact ",
      "image": " https://contents.mediadecathlon.com/p2362926/f1fb9ef05592c0b8ddd3ca3dfc836e2b/p2362926.jpg?format=auto&quality=70&f=650x0",
      "price": 359,
      "description": "Want a bar that's quick to put up? Try our Pull-Up Bar: it can be installed without any screws for an upper body workout in a flash"
    },
    {
      "id": 7,
      "name": "dumbel Home Gym Black",
      "image": "https://contents.mediadecathlon.com/p188429/k$65603f96431052a47fe56fe72fdf86d1/hex-dumbbell-5-kg.jpg?format=auto&quality=70&f=300x0",
      "price": 2999,
      "description": "With the latest aesthetic and entertainment upgrades, all of the Integrity Series cardio products now offer an even more compelling user experience. New iPod compatibility and integrated iPod/TV controls keep exercisers motivated and entertained throughout their workout.The groundbreaking DX3 Belt and Deck System combines a lubricant-infused belt, Advanced Belt Tracking System (ABTS) and the patented FlexDeck Shock Absorbtion System for the ultimate in durability and comfort."
    },
    {
      "id": 8,
      "name": "bar Home Gym Black",
      "image": "https://contents.mediadecathlon.com/p1966879/0e69fce9756f43dda1ca4bdad38b9df0/p1966879.jpg?format=auto&quality=70&f=300x0",
      "price": 3777,
      "description": "This compact home gym was developed by our weight training coaches and product team for your guided weight workouts at home."
    },
    {
      "id": 9,
      "name": "Weight Training Compact ",
      "image": " https://contents.mediadecathlon.com/p2362926/f1fb9ef05592c0b8ddd3ca3dfc836e2b/p2362926.jpg?format=auto&quality=70&f=650x0",
      "price": 359,
      "description": "This compact home gym was developed by our weight training coaches and product team for your guided weight workouts at home."
    },
    {
      "id": 10,
      "name": "Weight Training Compact ",
      "image": " https://contents.mediadecathlon.com/p2362926/f1fb9ef05592c0b8ddd3ca3dfc836e2b/p2362926.jpg?format=auto&quality=70&f=650x0",
      "price": 359,
      "description": "Want a bar that's quick to put up? Try our Pull-Up Bar: it can be installed without any screws for an upper body workout in a flash"
    }
  ],
  "cart": [
    {
      "Productname": "bar",
      "price": 3777,
      "image": "https://contents.mediadecathlon.com/p188429/k$65603f96431052a47fe56fe72fdf86d1/hex-dumbbell-5-kg.jpg?format=auto&quality=70&f=300x0",
      "loginid": "3",
      "productId": "2",
      "quantity": 1,
      "totalprice": 3777,
      "id": 12
    },
    {
      "Productname": "dumbel",
      "price": 2999,
      "image": "https://contents.mediadecathlon.com/p188429/k$65603f96431052a47fe56fe72fdf86d1/hex-dumbbell-5-kg.jpg?format=auto&quality=70&f=300x0",
      "loginid": "1",
      "productId": "1",
      "quantity": 1,
      "totalprice": 2999,
      "id": 25
    },
    {
      "Productname": "dumbel",
      "price": 2999,
      "image": "https://contents.mediadecathlon.com/p188429/k$65603f96431052a47fe56fe72fdf86d1/hex-dumbbell-5-kg.jpg?format=auto&quality=70&f=300x0",
      "loginid": "1",
      "productId": "1",
      "quantity": 1,
      "totalprice": 2999,
      "id": 26
    },
    {
      "Productname": "bar",
      "price": 3777,
      "image": "https://contents.mediadecathlon.com/p188429/k$65603f96431052a47fe56fe72fdf86d1/hex-dumbbell-5-kg.jpg?format=auto&quality=70&f=300x0",
      "loginid": "8",
      "productId": "2",
      "quantity": 1,
      "totalprice": 3777,
      "id": 28
    },
    {
      "Productname": "bar Home Gym Black",
      "price": 3777,
      "image": "https://contents.mediadecathlon.com/p1966879/0e69fce9756f43dda1ca4bdad38b9df0/p1966879.jpg?format=auto&quality=70&f=300x0",
      "loginid": "13",
      "productId": "2",
      "quantity": 1,
      "totalprice": 3777,
      "id": 32
    },
    {
      "Productname": "bar Home Gym Black",
      "price": 3777,
      "image": "https://contents.mediadecathlon.com/p1966879/0e69fce9756f43dda1ca4bdad38b9df0/p1966879.jpg?format=auto&quality=70&f=300x0",
      "loginid": "7",
      "productId": "2",
      "quantity": 1,
      "totalprice": 3777,
      "id": 33
    }
  ],
  "order": [
    {
      "cartid": 34,
      "productId": "3",
      "Productname": "Weight Training Compact ",
      "price": 359,
      "image": " https://contents.mediadecathlon.com/p2362926/f1fb9ef05592c0b8ddd3ca3dfc836e2b/p2362926.jpg?format=auto&quality=70&f=650x0",
      "loginid": "7",
      "quantity": 1,
      "totalprice": 20,
      "id": 2
    }
  ],
  "populer": [
    {
      "id": 1,
      "name": "Weight Training Compact ",
      "image": " https://contents.mediadecathlon.com/p2362926/f1fb9ef05592c0b8ddd3ca3dfc836e2b/p2362926.jpg?format=auto&quality=70&f=650x0",
      "price": 16
    },
    {
      "id": 2,
      "name": "Weight Training Compact ",
      "image": " https://cdn-ffibi.nitrocdn.com/XPmCRoihIMvpgfhvpZhRKkmucICzHMzj/assets/static/optimized/rev-9fc518b/wp-content/uploads/2019/07/Life-Fitness-95T-Engage-Treadmill--300x300.jpg",
      "price": 25
    },
    {
      "id": 3,
      "name": "Weight Training Compact ",
      "image": " https://demo1.leotheme.com/bos_gymgear_demo/31-home_default/brown-bear-printed-sweater.jpg",
      "price": 35
    },
    {
      "id": 4,
      "name": "Weight Training Compact ",
      "image": " https://demo1.leotheme.com/bos_gymgear_demo/41-home_default/today-is-a-good-day-framed-poster.jpg",
      "price": 14
    },
    {
      "id": 5,
      "name": "Weight Training Compact ",
      "image": "https://cdn-ffibi.nitrocdn.com/XPmCRoihIMvpgfhvpZhRKkmucICzHMzj/assets/static/optimized/rev-9fc518b/wp-content/uploads/2019/08/Angle-Leg-Press-2-300x300.jpg",
      "price": 20
    }
    ,
    {
      "id": 6,
      "name": "Weight Training Compact ",
      "image": "https://cdn-ffibi.nitrocdn.com/XPmCRoihIMvpgfhvpZhRKkmucICzHMzj/assets/static/optimized/rev-9fc518b/wp-content/uploads/2019/07/jacobsladder-3-full-300x300.jpg",
      "price": 7
    },
    {
      "id": 7,
      "name": "Weight Training Compact ",
      "image": "https://cdn-ffibi.nitrocdn.com/XPmCRoihIMvpgfhvpZhRKkmucICzHMzj/assets/static/optimized/rev-9fc518b/wp-content/uploads/2020/11/DualAdjustablePulley2-sq-300x300.jpg",
      "price": 27
    },
    {
      "id": 8,
      "name": "Weight Training Compact ",
      "image": "https://cdn-ffibi.nitrocdn.com/XPmCRoihIMvpgfhvpZhRKkmucICzHMzj/assets/static/optimized/rev-9fc518b/wp-content/uploads/2020/11/SSF-Half-Rack-300x300.jpeg",
      "price": 12
    }
  ]
}